sku,store_view_code,attribute_set_code,product_type,categories,product_websites,name,description,short_description,weight,product_online,tax_class_name,visibility,price,special_price,special_price_from_date,special_price_to_date,url_key,meta_title,meta_keywords,meta_description,base_image,base_image_label,small_image,small_image_label,thumbnail_image,thumbnail_image_label,swatch_image,swatch_image_label,created_at,updated_at,new_from_date,new_to_date,display_product_options_in,map_price,msrp_price,map_enabled,gift_message_available,custom_design,custom_design_from,custom_design_to,custom_layout_update,page_layout,product_options_container,msrp_display_actual_price_type,country_of_manufacture,additional_attributes,qty,out_of_stock_qty,use_config_min_qty,is_qty_decimal,allow_backorders,use_config_backorders,min_cart_qty,use_config_min_sale_qty,max_cart_qty,use_config_max_sale_qty,is_in_stock,notify_on_stock_below,use_config_notify_stock_qty,manage_stock,use_config_manage_stock,use_config_qty_increments,qty_increments,use_config_enable_qty_inc,enable_qty_increments,is_decimal_divided,website_id,related_skus,related_position,crosssell_skus,crosssell_position,upsell_skus,upsell_position,additional_images,additional_image_labels,hide_from_product_page,custom_options,bundle_price_type,bundle_sku_type,bundle_price_view,bundle_weight_type,bundle_values,bundle_shipment_type,associated_skus,downloadable_links,downloadable_samples,configurable_variations,configurable_variation_labels
MH01-XS-Black,,Default,simple,"Default Category/Men/Tops/Hoodies & Sweatshirts,Default Category/Collections/Eco Friendly,Default Category",base,Chaz Kangeroo Hoodie-XS-Black,"<p>Ideal for cold-weather training or work outdoors, the Chaz Hoodie promises superior warmth with every wear. Thick material blocks out the wind as ribbed cuffs and bottom band seal in body heat.</p>
<p>&bull; Two-tone gray heather hoodie.<br />&bull; Drawstring-adjustable hood. <br />&bull; Machine wash/dry.</p>",,1,1,Taxable Goods,Not Visible Individually,52,,,,chaz-kangeroo-hoodie-xs-black,,,,,,,,,,,,"11/25/20, 12:17 AM","11/25/20, 12:17 AM",,,Block after Info Column,,,,,,,,,,,Use config,,"color=Black,size=XS",100,0,1,0,0,1,1,1,0,1,1,,1,0,1,1,0,1,0,0,0,,,,,,,,,,,,,,,,,,,,,
MH01-XS-Gray,,Default,simple,"Default Category/Men/Tops/Hoodies & Sweatshirts,Default Category/Collections/Eco Friendly,Default Category",base,Chaz Kangeroo Hoodie-XS-Gray,"<p>Ideal for cold-weather training or work outdoors, the Chaz Hoodie promises superior warmth with every wear. Thick material blocks out the wind as ribbed cuffs and bottom band seal in body heat.</p>
<p>&bull; Two-tone gray heather hoodie.<br />&bull; Drawstring-adjustable hood. <br />&bull; Machine wash/dry.</p>",,1,1,Taxable Goods,Not Visible Individually,52,,,,chaz-kangeroo-hoodie-xs-gray,,,,,,,,,,,,"11/25/20, 12:17 AM","11/25/20, 12:17 AM",,,Block after Info Column,,,,,,,,,,,Use config,,"color=Gray,size=XS",100,0,1,0,0,1,1,1,0,1,1,,1,0,1,1,0,1,0,0,0,,,,,,,,,,,,,,,,,,,,,
MH01-XS-Orange,,Default,simple,"Default Category/Men/Tops/Hoodies & Sweatshirts,Default Category/Collections/Eco Friendly,Default Category",base,Chaz Kangeroo Hoodie-XS-Orange,"<p>Ideal for cold-weather training or work outdoors, the Chaz Hoodie promises superior warmth with every wear. Thick material blocks out the wind as ribbed cuffs and bottom band seal in body heat.</p>
<p>&bull; Two-tone gray heather hoodie.<br />&bull; Drawstring-adjustable hood. <br />&bull; Machine wash/dry.</p>",,1,1,Taxable Goods,Not Visible Individually,52,,,,chaz-kangeroo-hoodie-xs-orange,,,,,,,,,,,,"11/25/20, 12:17 AM","11/25/20, 12:17 AM",,,Block after Info Column,,,,,,,,,,,Use config,,"color=Orange,size=XS",100,0,1,0,0,1,1,1,0,1,1,,1,0,1,1,0,1,0,0,0,,,,,,,,,,,,,,,,,,,,,
MH01-S-Black,,Default,simple,"Default Category/Men/Tops/Hoodies & Sweatshirts,Default Category/Collections/Eco Friendly,Default Category",base,Chaz Kangeroo Hoodie-S-Black,"<p>Ideal for cold-weather training or work outdoors, the Chaz Hoodie promises superior warmth with every wear. Thick material blocks out the wind as ribbed cuffs and bottom band seal in body heat.</p>
<p>&bull; Two-tone gray heather hoodie.<br />&bull; Drawstring-adjustable hood. <br />&bull; Machine wash/dry.</p>",,1,1,Taxable Goods,Not Visible Individually,52,,,,chaz-kangeroo-hoodie-s-black,,,,,,,,,,,,"11/25/20, 12:17 AM","11/25/20, 12:17 AM",,,Block after Info Column,,,,,,,,,,,Use config,,"color=Black,size=S",100,0,1,0,0,1,1,1,0,1,1,,1,0,1,1,0,1,0,0,0,,,,,,,,,,,,,,,,,,,,,
MH01-S-Gray,,Default,simple,"Default Category/Men/Tops/Hoodies & Sweatshirts,Default Category/Collections/Eco Friendly,Default Category",base,Chaz Kangeroo Hoodie-S-Gray,"<p>Ideal for cold-weather training or work outdoors, the Chaz Hoodie promises superior warmth with every wear. Thick material blocks out the wind as ribbed cuffs and bottom band seal in body heat.</p>
<p>&bull; Two-tone gray heather hoodie.<br />&bull; Drawstring-adjustable hood. <br />&bull; Machine wash/dry.</p>",,1,1,Taxable Goods,Not Visible Individually,52,,,,chaz-kangeroo-hoodie-s-gray,,,,,,,,,,,,"11/25/20, 12:17 AM","11/25/20, 12:17 AM",,,Block after Info Column,,,,,,,,,,,Use config,,"color=Gray,size=S",100,0,1,0,0,1,1,1,0,1,1,,1,0,1,1,0,1,0,0,0,,,,,,,,,,,,,,,,,,,,,
MH01-S-Orange,,Default,simple,"Default Category/Men/Tops/Hoodies & Sweatshirts,Default Category/Collections/Eco Friendly,Default Category",base,Chaz Kangeroo Hoodie-S-Orange,"<p>Ideal for cold-weather training or work outdoors, the Chaz Hoodie promises superior warmth with every wear. Thick material blocks out the wind as ribbed cuffs and bottom band seal in body heat.</p>
<p>&bull; Two-tone gray heather hoodie.<br />&bull; Drawstring-adjustable hood. <br />&bull; Machine wash/dry.</p>",,1,1,Taxable Goods,Not Visible Individually,52,,,,chaz-kangeroo-hoodie-s-orange,,,,,,,,,,,,"11/25/20, 12:17 AM","11/25/20, 12:17 AM",,,Block after Info Column,,,,,,,,,,,Use config,,"color=Orange,size=S",100,0,1,0,0,1,1,1,0,1,1,,1,0,1,1,0,1,0,0,0,,,,,,,,,,,,,,,,,,,,,
MH01-M-Black,,Default,simple,"Default Category/Men/Tops/Hoodies & Sweatshirts,Default Category/Collections/Eco Friendly,Default Category",base,Chaz Kangeroo Hoodie-M-Black,"<p>Ideal for cold-weather training or work outdoors, the Chaz Hoodie promises superior warmth with every wear. Thick material blocks out the wind as ribbed cuffs and bottom band seal in body heat.</p>
<p>&bull; Two-tone gray heather hoodie.<br />&bull; Drawstring-adjustable hood. <br />&bull; Machine wash/dry.</p>",,1,1,Taxable Goods,Not Visible Individually,52,,,,chaz-kangeroo-hoodie-m-black,,,,,,,,,,,,"11/25/20, 12:17 AM","11/25/20, 12:17 AM",,,Block after Info Column,,,,,,,,,,,Use config,,"color=Black,size=M",100,0,1,0,0,1,1,1,0,1,1,,1,0,1,1,0,1,0,0,0,,,,,,,,,,,,,,,,,,,,,
MH01-M-Gray,,Default,simple,"Default Category/Men/Tops/Hoodies & Sweatshirts,Default Category/Collections/Eco Friendly,Default Category",base,Chaz Kangeroo Hoodie-M-Gray,"<p>Ideal for cold-weather training or work outdoors, the Chaz Hoodie promises superior warmth with every wear. Thick material blocks out the wind as ribbed cuffs and bottom band seal in body heat.</p>
<p>&bull; Two-tone gray heather hoodie.<br />&bull; Drawstring-adjustable hood. <br />&bull; Machine wash/dry.</p>",,1,1,Taxable Goods,Not Visible Individually,52,,,,chaz-kangeroo-hoodie-m-gray,,,,,,,,,,,,"11/25/20, 12:17 AM","11/25/20, 12:17 AM",,,Block after Info Column,,,,,,,,,,,Use config,,"color=Gray,size=M",100,0,1,0,0,1,1,1,0,1,1,,1,0,1,1,0,1,0,0,0,,,,,,,,,,,,,,,,,,,,,
MH01-M-Orange,,Default,simple,"Default Category/Men/Tops/Hoodies & Sweatshirts,Default Category/Collections/Eco Friendly,Default Category",base,Chaz Kangeroo Hoodie-M-Orange,"<p>Ideal for cold-weather training or work outdoors, the Chaz Hoodie promises superior warmth with every wear. Thick material blocks out the wind as ribbed cuffs and bottom band seal in body heat.</p>
<p>&bull; Two-tone gray heather hoodie.<br />&bull; Drawstring-adjustable hood. <br />&bull; Machine wash/dry.</p>",,1,1,Taxable Goods,Not Visible Individually,52,,,,chaz-kangeroo-hoodie-m-orange,,,,,,,,,,,,"11/25/20, 12:17 AM","11/25/20, 12:17 AM",,,Block after Info Column,,,,,,,,,,,Use config,,"color=Orange,size=M",100,0,1,0,0,1,1,1,0,1,1,,1,0,1,1,0,1,0,0,0,,,,,,,,,,,,,,,,,,,,,
MH01-L-Black,,Default,simple,"Default Category/Men/Tops/Hoodies & Sweatshirts,Default Category/Collections/Eco Friendly,Default Category",base,Chaz Kangeroo Hoodie-L-Black,"<p>Ideal for cold-weather training or work outdoors, the Chaz Hoodie promises superior warmth with every wear. Thick material blocks out the wind as ribbed cuffs and bottom band seal in body heat.</p>
<p>&bull; Two-tone gray heather hoodie.<br />&bull; Drawstring-adjustable hood. <br />&bull; Machine wash/dry.</p>",,1,1,Taxable Goods,Not Visible Individually,52,,,,chaz-kangeroo-hoodie-l-black,,,,,,,,,,,,"11/25/20, 12:17 AM","11/25/20, 12:17 AM",,,Block after Info Column,,,,,,,,,,,Use config,,"color=Black,size=L",100,0,1,0,0,1,1,1,0,1,1,,1,0,1,1,0,1,0,0,0,,,,,,,,,,,,,,,,,,,,,
MH01-L-Gray,,Default,simple,"Default Category/Men/Tops/Hoodies & Sweatshirts,Default Category/Collections/Eco Friendly,Default Category",base,Chaz Kangeroo Hoodie-L-Gray,"<p>Ideal for cold-weather training or work outdoors, the Chaz Hoodie promises superior warmth with every wear. Thick material blocks out the wind as ribbed cuffs and bottom band seal in body heat.</p>
<p>&bull; Two-tone gray heather hoodie.<br />&bull; Drawstring-adjustable hood. <br />&bull; Machine wash/dry.</p>",,1,1,Taxable Goods,Not Visible Individually,52,,,,chaz-kangeroo-hoodie-l-gray,,,,,,,,,,,,"11/25/20, 12:17 AM","11/25/20, 12:17 AM",,,Block after Info Column,,,,,,,,,,,Use config,,"color=Gray,size=L",100,0,1,0,0,1,1,1,0,1,1,,1,0,1,1,0,1,0,0,0,,,,,,,,,,,,,,,,,,,,,
MH01-L-Orange,,Default,simple,"Default Category/Men/Tops/Hoodies & Sweatshirts,Default Category/Collections/Eco Friendly,Default Category",base,Chaz Kangeroo Hoodie-L-Orange,"<p>Ideal for cold-weather training or work outdoors, the Chaz Hoodie promises superior warmth with every wear. Thick material blocks out the wind as ribbed cuffs and bottom band seal in body heat.</p>
<p>&bull; Two-tone gray heather hoodie.<br />&bull; Drawstring-adjustable hood. <br />&bull; Machine wash/dry.</p>",,1,1,Taxable Goods,Not Visible Individually,52,,,,chaz-kangeroo-hoodie-l-orange,,,,,,,,,,,,"11/25/20, 12:17 AM","11/25/20, 12:17 AM",,,Block after Info Column,,,,,,,,,,,Use config,,"color=Orange,size=L",100,0,1,0,0,1,1,1,0,1,1,,1,0,1,1,0,1,0,0,0,,,,,,,,,,,,,,,,,,,,,
MH01-XL-Black,,Default,simple,"Default Category/Men/Tops/Hoodies & Sweatshirts,Default Category/Collections/Eco Friendly,Default Category",base,Chaz Kangeroo Hoodie-XL-Black,"<p>Ideal for cold-weather training or work outdoors, the Chaz Hoodie promises superior warmth with every wear. Thick material blocks out the wind as ribbed cuffs and bottom band seal in body heat.</p>
<p>&bull; Two-tone gray heather hoodie.<br />&bull; Drawstring-adjustable hood. <br />&bull; Machine wash/dry.</p>",,1,1,Taxable Goods,Not Visible Individually,52,,,,chaz-kangeroo-hoodie-xl-black,,,,,,,,,,,,"11/25/20, 12:17 AM","11/25/20, 12:17 AM",,,Block after Info Column,,,,,,,,,,,Use config,,"color=Black,size=XL",100,0,1,0,0,1,1,1,0,1,1,,1,0,1,1,0,1,0,0,0,,,,,,,,,,,,,,,,,,,,,
MH01-XL-Gray,,Default,simple,"Default Category/Men/Tops/Hoodies & Sweatshirts,Default Category/Collections/Eco Friendly,Default Category",base,Chaz Kangeroo Hoodie-XL-Gray,"<p>Ideal for cold-weather training or work outdoors, the Chaz Hoodie promises superior warmth with every wear. Thick material blocks out the wind as ribbed cuffs and bottom band seal in body heat.</p>
<p>&bull; Two-tone gray heather hoodie.<br />&bull; Drawstring-adjustable hood. <br />&bull; Machine wash/dry.</p>",,1,1,Taxable Goods,Not Visible Individually,52,,,,chaz-kangeroo-hoodie-xl-gray,,,,,,,,,,,,"11/25/20, 12:17 AM","11/25/20, 12:17 AM",,,Block after Info Column,,,,,,,,,,,Use config,,"color=Gray,size=XL",100,0,1,0,0,1,1,1,0,1,1,,1,0,1,1,0,1,0,0,0,,,,,,,,,,,,,,,,,,,,,
MH01-XL-Orange,,Default,simple,"Default Category/Men/Tops/Hoodies & Sweatshirts,Default Category/Collections/Eco Friendly,Default Category",base,Chaz Kangeroo Hoodie-XL-Orange,"<p>Ideal for cold-weather training or work outdoors, the Chaz Hoodie promises superior warmth with every wear. Thick material blocks out the wind as ribbed cuffs and bottom band seal in body heat.</p>
<p>&bull; Two-tone gray heather hoodie.<br />&bull; Drawstring-adjustable hood. <br />&bull; Machine wash/dry.</p>",,1,1,Taxable Goods,Not Visible Individually,52,,,,chaz-kangeroo-hoodie-xl-orange,,,,,,,,,,,,"11/25/20, 12:17 AM","11/25/20, 12:17 AM",,,Block after Info Column,,,,,,,,,,,Use config,,"color=Orange,size=XL",100,0,1,0,0,1,1,1,0,1,1,,1,0,1,1,0,1,0,0,0,,,,,,,,,,,,,,,,,,,,,
MH01,,Default,configurable,"Default Category/Men/Tops/Hoodies & Sweatshirts,Default Category/Collections/Eco Friendly,Default Category",base,Chaz Kangeroo Hoodie,"<p>Ideal for cold-weather training or work outdoors, the Chaz Hoodie promises superior warmth with every wear. Thick material blocks out the wind as ribbed cuffs and bottom band seal in body heat.</p>
<p>&bull; Two-tone gray heather hoodie.<br />&bull; Drawstring-adjustable hood. <br />&bull; Machine wash/dry.</p>",,,1,Taxable Goods,"Catalog, Search",52,,,,chaz-kangeroo-hoodie,,,,,,,,,,,,"11/25/20, 12:17 AM","11/25/20, 12:17 AM",,,Block after Info Column,,,,,,,,,,,Use config,,,0,0,1,0,0,1,1,1,0,1,1,,1,0,1,1,0,1,0,0,0,,,,,,,,,,,,,,,,,,,,"sku=MH01-XS-Orange,size=XS,color=Orange|sku=MH01-XS-Gray,size=XS,color=Gray|sku=MH01-XS-Black,size=XS,color=Black|sku=MH01-S-Gray,size=S,color=Gray|sku=MH01-S-Black,size=S,color=Black|sku=MH01-S-Orange,size=S,color=Orange|sku=MH01-M-Orange,size=M,color=Orange|sku=MH01-M-Gray,size=M,color=Gray|sku=MH01-M-Black,size=M,color=Black|sku=MH01-L-Black,size=L,color=Black|sku=MH01-L-Orange,size=L,color=Orange|sku=MH01-L-Gray,size=L,color=Gray|sku=MH01-XL-Orange,size=XL,color=Orange|sku=MH01-XL-Gray,size=XL,color=Gray|sku=MH01-XL-Black,size=XL,color=Black","size=Size,color=Color"
