sku,store_view_code,attribute_set_code,product_type,categories,product_websites,name,description,short_description,weight,product_online,tax_class_name,visibility,price,special_price,special_price_from_date,special_price_to_date,url_key,meta_title,meta_keywords,meta_description,base_image,base_image_label,small_image,small_image_label,thumbnail_image,thumbnail_image_label,swatch_image,swatch_image_label,created_at,updated_at,new_from_date,new_to_date,display_product_options_in,map_price,msrp_price,map_enabled,gift_message_available,custom_design,custom_design_from,custom_design_to,custom_layout_update,page_layout,product_options_container,msrp_display_actual_price_type,country_of_manufacture,additional_attributes,qty,out_of_stock_qty,use_config_min_qty,is_qty_decimal,allow_backorders,use_config_backorders,min_cart_qty,use_config_min_sale_qty,max_cart_qty,use_config_max_sale_qty,is_in_stock,notify_on_stock_below,use_config_notify_stock_qty,manage_stock,use_config_manage_stock,use_config_qty_increments,qty_increments,use_config_enable_qty_inc,enable_qty_increments,is_decimal_divided,website_id,related_skus,related_position,crosssell_skus,crosssell_position,upsell_skus,upsell_position,additional_images,additional_image_labels,hide_from_product_page,custom_options,bundle_price_type,bundle_sku_type,bundle_price_view,bundle_weight_type,bundle_values,bundle_shipment_type,associated_skus,downloadable_links,downloadable_samples,configurable_variations,configurable_variation_labels
24-WG085_Group,,Default,grouped,"Default Category/Gear,Default Category/Gear/Fitness Equipment",base,Set of Sprite Yoga Straps,"<p>Great set of Sprite Yoga Straps for every stretch and hold you need. There are three straps in this set: 6', 8' and 10'.</p>
<ul>
<li> 100% soft and durable cotton.
<li> Plastic cinch buckle is easy to use.
<li> Choice of three natural colors made from phthalate and heavy metal free dyes.
</ul>",,,1,,"Catalog, Search",,,,,set-of-sprite-yoga-straps,,,,,,,,,,,,"11/25/20, 12:17 AM","11/25/20, 12:17 AM",,,Block after Info Column,,,,,,,,,,,,,,0,0,1,0,0,1,1,1,0,1,1,,1,0,1,1,0,1,0,0,0,,,,,,,,,,,,,,,,,"24-WG085=0.000000,24-WG086=0.000000,24-WG087=0.000000",,,,
24-WG085,,Default,simple,"Default Category/Gear,Default Category/Gear/Fitness Equipment",base,Sprite Yoga Strap 6 foot,"<p>The Sprite Yoga Strap is your untiring partner in demanding stretches, holds and alignment routines. The strap's 100% organic cotton fabric is woven tightly to form a soft, textured yet non-slip surface. The plastic clasp buckle is easily adjustable, lightweight and durable under strain.</p>
<ul>
<li>100% soft and durable cotton.
<li>Plastic cinch buckle is easy to use.
<li>Three natural colors made from phthalate and heavy metal free dyes.
</ul>",,,1,Taxable Goods,Not Visible Individually,14,,,,sprite-yoga-strap-6-foot,,,,,,,,,,,,"11/25/20, 12:16 AM","11/25/20, 12:16 AM",,,Block after Info Column,,,,,,,,,,,Use config,,,100,0,1,0,0,1,1,1,0,1,1,,1,0,1,1,0,1,0,0,0,"24-UG04,24-WG086,24-WG088,24-UG06","1,2,3,4","24-WG081-gray,24-WG085_Group,24-UG06,24-UG07","1,2,3,4",,,,,,,,,,,,,,,,,
24-WG086,,Default,simple,"Default Category/Gear,Default Category/Gear/Fitness Equipment",base,Sprite Yoga Strap 8 foot,"<p>The Sprite Yoga Strap is your untiring partner in demanding stretches, holds and alignment routines. The strap's 100% organic cotton fabric is woven tightly to form a soft, textured yet non-slip surface. The plastic clasp buckle is easily adjustable, lightweight and durable under strain.</p>
<ul>
<li>8' long x 1.0"" wide.
<li>100% soft and durable cotton.
<li>Plastic cinch buckle is easy to use.
<li>Three natural colors made from phthalate and heavy metal free dyes.
</ul>",,,1,Taxable Goods,Not Visible Individually,17,,,,sprite-yoga-strap-8-foot,,,,,,,,,,,,"11/25/20, 12:16 AM","11/25/20, 12:16 AM",,,Block after Info Column,,,,,,,,,,,Use config,,,100,0,1,0,0,1,1,1,0,1,1,,1,0,1,1,0,1,0,0,0,"24-UG03,24-UG04,24-UG05,24-WG085","1,2,3,4","24-WG084,24-UG06,24-UG02,24-WG080","1,2,3,4",,,,,,,,,,,,,,,,,
24-WG087,,Default,simple,"Default Category/Gear,Default Category/Gear/Fitness Equipment",base,Sprite Yoga Strap 10 foot,"<p>The Sprite Yoga Strap is your untiring partner in demanding stretches, holds and alignment routines. The strap's 100% organic cotton fabric is woven tightly to form a soft, textured yet non-slip surface. The plastic clasp buckle is easily adjustable, lightweight and durable under strain.</p>
<ul>
<li>10' long x 1.0"" wide.
<li>100% soft and durable cotton.
<li>Plastic cinch buckle is easy to use.
<li>Three natural colors made from phthalate and heavy metal free dyes.
</ul>",,,1,Taxable Goods,Not Visible Individually,21,,,,sprite-yoga-strap-10-foot,,,,,,,,,,,,"11/25/20, 12:16 AM","11/25/20, 12:16 AM",,,Block after Info Column,,,,,,,,,,,Use config,,,100,0,1,0,0,1,1,1,0,1,1,,1,0,1,1,0,1,0,0,0,"24-WG085,24-WG086,24-WG080,24-WG083-blue","1,2,3,4","24-WG080,24-WG085,24-WG081-gray,24-UG01","1,2,3,4",,,,,,,,,,,,,,,,,
