sku,store_view_code,attribute_set_code,product_type,categories,product_websites,name,description,short_description,weight,product_online,tax_class_name,visibility,price,special_price,special_price_from_date,special_price_to_date,url_key,meta_title,meta_keywords,meta_description,base_image,base_image_label,small_image,small_image_label,thumbnail_image,thumbnail_image_label,swatch_image,swatch_image_label,created_at,updated_at,new_from_date,new_to_date,display_product_options_in,map_price,msrp_price,map_enabled,gift_message_available,custom_design,custom_design_from,custom_design_to,custom_layout_update,page_layout,product_options_container,msrp_display_actual_price_type,country_of_manufacture,additional_attributes,qty,out_of_stock_qty,use_config_min_qty,is_qty_decimal,allow_backorders,use_config_backorders,min_cart_qty,use_config_min_sale_qty,max_cart_qty,use_config_max_sale_qty,is_in_stock,notify_on_stock_below,use_config_notify_stock_qty,manage_stock,use_config_manage_stock,use_config_qty_increments,qty_increments,use_config_enable_qty_inc,enable_qty_increments,is_decimal_divided,website_id,related_skus,related_position,crosssell_skus,crosssell_position,upsell_skus,upsell_position,additional_images,additional_image_labels,hide_from_product_page,custom_options,bundle_price_type,bundle_sku_type,bundle_price_view,bundle_weight_type,bundle_values,bundle_shipment_type,associated_skus,downloadable_links,downloadable_samples,configurable_variations,configurable_variation_labels
240-LV04,,Default,downloadable,"Default Category/Training,Default Category/Training/Video Download",base,Beginner's Yoga,"<p>Beginner's Yoga starts you down the path toward strength, balance and mental focus. With this video download, you don't have to be a great athlete or gym guru to learn the best and most basic techniques for lifelong yoga foundation. </p>
<ul>
<li>Video download</li>
<li>Five workouts.</li>
<li>Balance, strength and endurance.</li>
<li>Flexibility and core strength.</li>
<li>Includes modification for novices.</li>
</ul>","<p>
The most difficult yoga poses to master are the ones learned incorrectly as a beginner. Luma's Beginner's Yoga is a fantastic way to break into your initial yoga session and begin the journey to a longer, leaner, healthier body. Confidently find your way into yoga with this effective yet gentle program. You'll learn proper alignment and how to sidestep common mistakes.
</p>",,1,Taxable Goods,"Catalog, Search",6,,,,beginner-s-yoga,,,,,,,,,,,,"11/25/20, 12:17 AM","11/25/20, 12:17 AM",,,Block after Info Column,,,,,,,,,,,Use config,,"format=Download,links_purchased_separately=0,links_title=Downloads,samples_title=Trailers",,0,1,0,0,1,1,1,0,1,1,,1,0,0,1,0,1,0,0,0,,,,,,,,,,,,,,,,,,"link_id=1,id=1,title=Beginner's Yoga,sort_order=1,price=6.000000,is_shareable=2,link_type=file,link_file=https://www.amazon.com,group_title=Downloads","sample_id=1,id=1,title=Trailer #1,sort_order=1,sample_type=file,sample_file=https://www.amazon.com,group_title=Trailers,sample_id=2,id=2,title=Trailer #2,sort_order=1,sample_type=file,sample_file=https://www.amazon.com,group_title=Trailers,sample_id=3,id=3,title=Trailer #3,sort_order=1,sample_type=file,sample_file=https://www.amazon.com,group_title=Trailers",,
