sku,store_view_code,attribute_set_code,product_type,categories,product_websites,name,description,short_description,weight,product_online,tax_class_name,visibility,price,special_price,special_price_from_date,special_price_to_date,url_key,meta_title,meta_keywords,meta_description,base_image,base_image_label,small_image,small_image_label,thumbnail_image,thumbnail_image_label,swatch_image,swatch_image_label,created_at,updated_at,new_from_date,new_to_date,display_product_options_in,map_price,msrp_price,map_enabled,gift_message_available,custom_design,custom_design_from,custom_design_to,custom_layout_update,page_layout,product_options_container,msrp_display_actual_price_type,country_of_manufacture,additional_attributes,qty,out_of_stock_qty,use_config_min_qty,is_qty_decimal,allow_backorders,use_config_backorders,min_cart_qty,use_config_min_sale_qty,max_cart_qty,use_config_max_sale_qty,is_in_stock,notify_on_stock_below,use_config_notify_stock_qty,manage_stock,use_config_manage_stock,use_config_qty_increments,qty_increments,use_config_enable_qty_inc,enable_qty_increments,is_decimal_divided,website_id,related_skus,related_position,crosssell_skus,crosssell_position,upsell_skus,upsell_position,additional_images,additional_image_labels,hide_from_product_page,custom_options,bundle_price_type,bundle_sku_type,bundle_price_view,bundle_weight_type,bundle_values,bundle_shipment_type,associated_skus,downloadable_links,downloadable_samples,configurable_variations,configurable_variation_labels
24-WG084,,Default,simple,"Default Category/Gear,Default Category/Gear/Fitness Equipment",base,Sprite Foam Yoga Brick,"<p>Our top-selling yoga prop, the 4-inch, high-quality Sprite Foam Yoga Brick is popular among yoga novices and studio professionals alike. An essential yoga accessory, the yoga brick is a critical tool for finding balance and alignment in many common yoga poses. Choose from 5 color options.</p>
<ul>
<li>Standard Large Size: 4"" x 6"" x 9"".
<li>Beveled edges for ideal contour grip.
<li>Durable and soft, scratch-proof foam.
<li>Individually wrapped.
<li>Ten color choices.
</ul> ",,,1,Taxable Goods,"Catalog, Search",5,,,,sprite-foam-yoga-brick,,,,,,,,,,,,"11/25/20, 12:16 AM","11/25/20, 12:16 AM",,,Block after Info Column,,,,,,,,,,,Use config,,,100,0,1,0,0,1,1,1,0,1,1,,1,0,1,1,0,1,0,0,0,"24-UG06,24-WG085_Group,24-UG03,24-UG07","1,2,3,4","24-WG083-blue,24-WG081-gray,24-WG080,24-UG03","1,2,3,4",,,,,,,,,,,,,,,,,
24-WG088,,Default,simple,"Default Category/Gear,Default Category/Gear/Fitness Equipment",base,Sprite Foam Roller,"<p>It hurts so good to use the Sprite Foam Roller on achy, tired muscles for myofascial massage therapy. Or you can add this fundamental piece to your Pilates and yoga accouterment, or apply towards core stability, strengthening and balance exercise. </p>
<ul>
<li>6'' wide by 12'' long.</li>
<li>Safe for myofascial release.</li>
<li>EPP or PE foam options.</li>
<li>Solid, dense, closed-cell foam.</li>
</ul>",,,1,Taxable Goods,"Catalog, Search",19,,,,sprite-foam-roller,,,,,,,,,,,,"11/25/20, 12:16 AM","11/25/20, 12:16 AM",,,Block after Info Column,,,,,,,,,,,Use config,,,100,0,1,0,0,1,1,1,0,1,1,,1,0,1,1,0,1,0,0,0,"24-UG01,24-UG03,24-WG080,24-UG02","1,2,3,4","24-UG03,24-UG01,24-WG085_Group,24-UG06","1,2,3,4",,,,,,,,,,,,,,,,,
24-WG081-gray,,Default,simple,"Default Category/Gear,Default Category/Gear/Fitness Equipment",base,Sprite Stasis Ball 55 cm,"<p>The Sprite Stasis Ball gives you the toned abs, sides, and back you want by amping up your core workout. With bright colors and a burst-resistant design, it's a must-have for every hard-core exercise addict. Use for abdominal conditioning, balance training, yoga, or even physical therapy.</p>
<ul>
<li>Durable, burst-resistant design.</li>
<li>Hand pump included.</li>
</ul>",,,1,Taxable Goods,Not Visible Individually,23,,,,sprite stasis ball 55 cm gray,,,,,,,,,,,,"11/25/20, 12:16 AM","11/25/20, 12:16 AM",,,Block after Info Column,,,,,,,,,,,Use config,,,100,0,1,0,0,1,1,1,0,1,1,,1,0,1,1,0,1,0,0,0,"24-WG085_Group,24-UG01,24-UG03,24-WG087","1,2,3,4","24-WG085_Group,24-WG088,24-WG086,24-UG05","1,2,3,4",,,,,,,,,,,,,,,,,
24-WG081-pink,,Default,simple,"Default Category/Gear,Default Category/Gear/Fitness Equipment",base,Sprite Stasis Ball 55 cm,"<p>The Sprite Stasis Ball gives you the toned abs, sides, and back you want by amping up your core workout. With bright colors and a burst-resistant design, it's a must-have for every hard-core exercise addict. Use for abdominal conditioning, balance training, yoga, or even physical therapy.</p>
<ul>
<li>Durable, burst-resistant design.</li>
<li>Hand pump included.</li>
</ul>",,,1,Taxable Goods,Not Visible Individually,23,,,,sprite stasis ball 55 cm pink,,,,,,,,,,,,"11/25/20, 12:16 AM","11/25/20, 12:16 AM",,,Block after Info Column,,,,,,,,,,,Use config,,,100,0,1,0,0,1,1,1,0,1,1,,1,0,1,1,0,1,0,0,0,,,,,,,,,,,,,,,,,,,,,
24-WG081-blue,,Default,simple,"Default Category/Gear,Default Category/Gear/Fitness Equipment",base,Sprite Stasis Ball 55 cm,"<p>The Sprite Stasis Ball gives you the toned abs, sides, and back you want by amping up your core workout. With bright colors and a burst-resistant design, it's a must-have for every hard-core exercise addict. Use for abdominal conditioning, balance training, yoga, or even physical therapy.</p>
<ul>
<li>Durable, burst-resistant design.</li>
<li>Hand pump included.</li>
</ul>",,,1,Taxable Goods,Not Visible Individually,23,,,,sprite stasis ball 55 cm blue,,,,,,,,,,,,"11/25/20, 12:16 AM","11/25/20, 12:16 AM",,,Block after Info Column,,,,,,,,,,,Use config,,,100,0,1,0,0,1,1,1,0,1,1,,1,0,1,1,0,1,0,0,0,,,,,,,,,,,,,,,,,,,,,
24-WG082-gray,,Default,simple,"Default Category/Gear,Default Category/Gear/Fitness Equipment",base,Sprite Stasis Ball 65 cm,"<p>The Sprite Stasis Ball gives you the toned abs, sides, and back you want by amping up your core workout. With bright colors and a burst-resistant design, it's a must-have for every hard-core exercise addict. Use for abdominal conditioning, balance training, yoga, or even physical therapy.</p>
<ul>
<li>65 cm plastic shell.</li>
<li>Durable, burst-resistant design.</li>
<li>Hand pump included.</li>
</ul>",,,1,Taxable Goods,Not Visible Individually,27,,,,sprite stasis ball 65 cm gray,,,,,,,,,,,,"11/25/20, 12:16 AM","11/25/20, 12:16 AM",,,Block after Info Column,,,,,,,,,,,Use config,,,100,0,1,0,0,1,1,1,0,1,1,,1,0,1,1,0,1,0,0,0,,,,,,,,,,,,,,,,,,,,,
24-WG082-pink,,Default,simple,"Default Category/Gear,Default Category/Gear/Fitness Equipment",base,Sprite Stasis Ball 65 cm,"<p>The Sprite Stasis Ball gives you the toned abs, sides, and back you want by amping up your core workout. With bright colors and a burst-resistant design, it's a must-have for every hard-core exercise addict. Use for abdominal conditioning, balance training, yoga, or even physical therapy.</p>
<ul>
<li>65 cm plastic shell.</li>
<li>Durable, burst-resistant design.</li>
<li>Hand pump included.</li>
</ul>",,,1,Taxable Goods,Not Visible Individually,27,,,,sprite stasis ball 65 cm pink,,,,,,,,,,,,"11/25/20, 12:16 AM","11/25/20, 12:16 AM",,,Block after Info Column,,,,,,,,,,,Use config,,,100,0,1,0,0,1,1,1,0,1,1,,1,0,1,1,0,1,0,0,0,"24-UG01,24-WG085_Group,24-WG088,24-WG084","1,2,3,4","24-UG06,24-WG084,24-UG02,24-WG086","1,2,3,4",,,,,,,,,,,,,,,,,
24-WG082-blue,,Default,simple,"Default Category/Gear,Default Category/Gear/Fitness Equipment",base,Sprite Stasis Ball 65 cm,"<p>The Sprite Stasis Ball gives you the toned abs, sides, and back you want by amping up your core workout. With bright colors and a burst-resistant design, it's a must-have for every hard-core exercise addict. Use for abdominal conditioning, balance training, yoga, or even physical therapy.</p>
<ul>
<li>65 cm plastic shell.</li>
<li>Durable, burst-resistant design.</li>
<li>Hand pump included.</li>
</ul>",,,1,Taxable Goods,Not Visible Individually,27,,,,sprite stasis ball 65 cm blue,,,,,,,,,,,,"11/25/20, 12:16 AM","11/25/20, 12:16 AM",,,Block after Info Column,,,,,,,,,,,Use config,,,100,0,1,0,0,1,1,1,0,1,1,,1,0,1,1,0,1,0,0,0,,,,,,,,,,,,,,,,,,,,,
24-WG083-gray,,Default,simple,"Default Category/Gear,Default Category/Gear/Fitness Equipment",base,Sprite Stasis Ball 75 cm,"<p>The Sprite Stasis Ball gives you the toned abs, sides, and back you want by amping up your core workout. With bright colors and a burst-resistant design, it's a must-have for every hard-core exercise addict. Use for abdominal conditioning, balance training, yoga, or even physical therapy.</p>
<ul>
<li>75 cm plastic shell.</li>
<li>Durable, burst-resistant design.</li>
<li>Hand pump included.</li>
</ul>",,,1,Taxable Goods,Not Visible Individually,32,,,,sprite stasis ball 75 cm gray,,,,,,,,,,,,"11/25/20, 12:16 AM","11/25/20, 12:16 AM",,,Block after Info Column,,,,,,,,,,,Use config,,,100,0,1,0,0,1,1,1,0,1,1,,1,0,1,1,0,1,0,0,0,,,,,,,,,,,,,,,,,,,,,
24-WG083-pink,,Default,simple,"Default Category/Gear,Default Category/Gear/Fitness Equipment",base,Sprite Stasis Ball 75 cm,"<p>The Sprite Stasis Ball gives you the toned abs, sides, and back you want by amping up your core workout. With bright colors and a burst-resistant design, it's a must-have for every hard-core exercise addict. Use for abdominal conditioning, balance training, yoga, or even physical therapy.</p>
<ul>
<li>75 cm plastic shell.</li>
<li>Durable, burst-resistant design.</li>
<li>Hand pump included.</li>
</ul>",,,1,Taxable Goods,Not Visible Individually,32,,,,sprite stasis ball 75 cm pink,,,,,,,,,,,,"11/25/20, 12:16 AM","11/25/20, 12:16 AM",,,Block after Info Column,,,,,,,,,,,Use config,,,100,0,1,0,0,1,1,1,0,1,1,,1,0,1,1,0,1,0,0,0,,,,,,,,,,,,,,,,,,,,,
24-WG083-blue,,Default,simple,"Default Category/Gear,Default Category/Gear/Fitness Equipment",base,Sprite Stasis Ball 75 cm,"<p>The Sprite Stasis Ball gives you the toned abs, sides, and back you want by amping up your core workout. With bright colors and a burst-resistant design, it's a must-have for every hard-core exercise addict. Use for abdominal conditioning, balance training, yoga, or even physical therapy.</p>
<ul>
<li>75 cm plastic shell.</li>
<li>Durable, burst-resistant design.</li>
<li>Hand pump included.</li>
</ul>",,,1,Taxable Goods,Not Visible Individually,32,,,,sprite stasis ball 75 cm blue,,,,,,,,,,,,"11/25/20, 12:16 AM","11/25/20, 12:16 AM",,,Block after Info Column,,,,,,,,,,,Use config,,,100,0,1,0,0,1,1,1,0,1,1,,1,0,1,1,0,1,0,0,0,"24-WG088,24-WG082-pink,24-WG084,24-WG086","1,2,3,4","24-WG088,24-WG082-pink,24-WG086,24-WG084","1,2,3,4",,,,,,,,,,,,,,,,,
24-WG085,,Default,simple,"Default Category/Gear,Default Category/Gear/Fitness Equipment",base,Sprite Yoga Strap 6 foot,"<p>The Sprite Yoga Strap is your untiring partner in demanding stretches, holds and alignment routines. The strap's 100% organic cotton fabric is woven tightly to form a soft, textured yet non-slip surface. The plastic clasp buckle is easily adjustable, lightweight and durable under strain.</p>
<ul>
<li>100% soft and durable cotton.
<li>Plastic cinch buckle is easy to use.
<li>Three natural colors made from phthalate and heavy metal free dyes.
</ul>",,,1,Taxable Goods,Not Visible Individually,14,,,,sprite-yoga-strap-6-foot,,,,,,,,,,,,"11/25/20, 12:16 AM","11/25/20, 12:16 AM",,,Block after Info Column,,,,,,,,,,,Use config,,,100,0,1,0,0,1,1,1,0,1,1,,1,0,1,1,0,1,0,0,0,"24-UG04,24-WG086,24-WG088,24-UG06","1,2,3,4","24-WG081-gray,24-WG085_Group,24-UG06,24-UG07","1,2,3,4",,,,,,,,,,,,,,,,,
24-WG086,,Default,simple,"Default Category/Gear,Default Category/Gear/Fitness Equipment",base,Sprite Yoga Strap 8 foot,"<p>The Sprite Yoga Strap is your untiring partner in demanding stretches, holds and alignment routines. The strap's 100% organic cotton fabric is woven tightly to form a soft, textured yet non-slip surface. The plastic clasp buckle is easily adjustable, lightweight and durable under strain.</p>
<ul>
<li>8' long x 1.0"" wide.
<li>100% soft and durable cotton.
<li>Plastic cinch buckle is easy to use.
<li>Three natural colors made from phthalate and heavy metal free dyes.
</ul>",,,1,Taxable Goods,Not Visible Individually,17,,,,sprite-yoga-strap-8-foot,,,,,,,,,,,,"11/25/20, 12:16 AM","11/25/20, 12:16 AM",,,Block after Info Column,,,,,,,,,,,Use config,,,100,0,1,0,0,1,1,1,0,1,1,,1,0,1,1,0,1,0,0,0,"24-UG03,24-UG04,24-UG05,24-WG085","1,2,3,4","24-WG084,24-UG06,24-UG02,24-WG080","1,2,3,4",,,,,,,,,,,,,,,,,
24-WG087,,Default,simple,"Default Category/Gear,Default Category/Gear/Fitness Equipment",base,Sprite Yoga Strap 10 foot,"<p>The Sprite Yoga Strap is your untiring partner in demanding stretches, holds and alignment routines. The strap's 100% organic cotton fabric is woven tightly to form a soft, textured yet non-slip surface. The plastic clasp buckle is easily adjustable, lightweight and durable under strain.</p>
<ul>
<li>10' long x 1.0"" wide.
<li>100% soft and durable cotton.
<li>Plastic cinch buckle is easy to use.
<li>Three natural colors made from phthalate and heavy metal free dyes.
</ul>",,,1,Taxable Goods,Not Visible Individually,21,,,,sprite-yoga-strap-10-foot,,,,,,,,,,,,"11/25/20, 12:16 AM","11/25/20, 12:16 AM",,,Block after Info Column,,,,,,,,,,,Use config,,,100,0,1,0,0,1,1,1,0,1,1,,1,0,1,1,0,1,0,0,0,"24-WG085,24-WG086,24-WG080,24-WG083-blue","1,2,3,4","24-WG080,24-WG085,24-WG081-gray,24-UG01","1,2,3,4",,,,,,,,,,,,,,,,,
24-WG080,,Default,bundle,"Default Category/Gear,Default Category/Gear/Fitness Equipment",base,Sprite Yoga Companion Kit,"<p>A well-rounded yoga workout takes more than a mat. The Sprite Yoga Companion Kit helps stock your studio with the basics you need for a full-range workout. The kit is composed of four best-selling Luma Sprite accessories in one easy bundle: statis ball, foam block, yoga strap, and foam roller. Choose sizes and colors and leave the rest to us. The kit includes:</p>
<ul>
<li> Sprite Statis Ball
<li> Sprite Foam Yoga Brick
<li> Sprite Yoga Strap
<li> Sprite Foam Roller
</ul>",,,1,Taxable Goods,"Catalog, Search",,,,,sprite-yoga-companion-kit,,,,,,,,,,,,"11/25/20, 12:17 AM","11/25/20, 12:17 AM",,,Block after Info Column,,,,,,,,,,,Use config,,,0,0,1,0,0,1,1,1,0,1,1,,1,0,1,1,0,1,0,0,0,,,,,,,,,,,dynamic,dynamic,Price range,dynamic,"name=Sprite Stasis Ball,type=radio,required=1,sku=24-WG081-blue,price=0.0000,default=1,default_qty=1.0000,price_type=fixed,can_change_qty=1|name=Sprite Stasis Ball,type=radio,required=1,sku=24-WG082-blue,price=0.0000,default=0,default_qty=1.0000,price_type=fixed,can_change_qty=1|name=Sprite Stasis Ball,type=radio,required=1,sku=24-WG083-blue,price=0.0000,default=0,default_qty=1.0000,price_type=fixed,can_change_qty=1|name=Sprite Foam Yoga Brick,type=radio,required=1,sku=24-WG084,price=0.0000,default=1,default_qty=1.0000,price_type=fixed,can_change_qty=1|name=Sprite Yoga Strap,type=radio,required=1,sku=24-WG085,price=0.0000,default=1,default_qty=1.0000,price_type=fixed,can_change_qty=1|name=Sprite Yoga Strap,type=radio,required=1,sku=24-WG086,price=0.0000,default=0,default_qty=1.0000,price_type=fixed,can_change_qty=1|name=Sprite Yoga Strap,type=radio,required=1,sku=24-WG087,price=0.0000,default=0,default_qty=1.0000,price_type=fixed,can_change_qty=1|name=Sprite Foam Roller,type=radio,required=1,sku=24-WG088,price=0.0000,default=1,default_qty=1.0000,price_type=fixed,can_change_qty=1",together,,,,,
