sku,name
M107T,Mens Post Shave Balm - TRAVEL
M107-C,Post Shave Recovery Balm - M107-C
POWERCORD,Dermasound Power Cord
SCBBL,SC Bandannas - Black
SCBBY,SC Bandanas - Yellow
SCBOR,SC Bandanas - Orange
SCBWH,SC Bandannas - White
SCBWH-C,SC Bandannas - White - SCBWH-C
SCBLI,SC Bandannas - Lime
SCBRB,SC Bandannas - Royal Blue
SCMCLJB,SC Mens Crew Neck T - Black -L
SCMCMJB,SC Mens Crew Neck T - Black -M
SCMCXJB,SC Mens Crew Neck T - Black - XL
SCMCMJB-C,SC Mens Crew Neck T - Black -M - SCMCMJB-C
SCMCLYE,SC Mens Crew Neck T -Yellow-L
SCMCMYE,SC Mens Crew Neck T - Yellow - M
SCMCXYE,SC Mens Crew Neck T -Yellow-XL
SCMCMYE-C,SC Mens Crew Neck T - Yellow - M - SCMCMYE-C
SCMPLBL,SC Mens Polo - Black - L
SCMPMBL,SC Mens Polo - Black - M
SCMPXBL,SC Mens Polo - Black - XL
SCMPMBL-C,SC Mens Polo - Black - M - SCMPMBL-C
SCMPLLI,SC Mens Polo - Lime - L
SCMPMLI,SC Mens Polo - Lime - M
SCMPXLI,SC Mens Polo - Lime - XL
SCMPMLI-C,SC Mens Polo - Lime - M - SCMPMLI-C
SCMPLRE,SC Mens Polo - Red - L
SCMPMRE,SC Mens Polo - Red - M
SCMPXRE,SC Mens Polo - Red - XL
SCMPMRE-C,SC Mens Polo - Red - M - SCMPMRE-C
SCSTICKER,SC Sticker
SCWPLLI,SC Womens Polo - Lime - L
SCWPMLI,SC Womens Polo - Lime - M
SCWPSLI,SC Womens Polo - Lime - S
SCWPXLI,SC Womens Polo - Lime - XL
SCWPSLI-C,SC Womens Polo - Lime - S - SCWPSLI-C
SCWPLNO,SC Womens Polo - Orange - L
SCWPMNO,SC Womens Polo - Orange - M
SCWPSNO,SC Womens Polo - Orange - S
SCWPXNO,SC Womens Polo - Orange - XL
SCWPSNO-C,SC Womens Polo - Orange - S - SCWPSNO-C
SCWPLWH,SC Womens Polo - White - L
SCWPMWH,SC Womens Polo - White - M
SCWPSWH,SC Womens Polo - White - S
SCWPXWH,SC Womens Polo - White - XL
SCWPSWH-C,SC Womens Polo - White - S - SCWPSWH-C
SCWVLNG,SC Womens V-Neck T - Green - L
SCWVMNG,SC Womens V-Neck T - Green - M
SCWVSNG,SC Womens V-Neck T - Green - S
SCWVXNG,SC Womens V-Neck T - Green -XL
SCWVSNG-C,SC Womens V-Neck T - Green - S - SCWVSNG-C
SCWVLWH,SC Womens V-Neck T - White - L
SCWVMWH,SC Womens V-Neck T - White - M
SCWVSWH,SC Womens V-Neck T - White - S
SCWVXWH,SC Womens V-Neck T - White -XL
SCWVSWH-C,SC Womens V-Neck T - White - S - SCWVSWH-C
SKINCARES,SKINCARES! Donation
